,UPOS-NOUN,UPOS-VERB,UPOS-ADJ,UPOS-ADV,UPOS-PRON,UPOS-ADP
UPOS-NOUN,1.0,0.7407407407407407,0.673469387755102,0.5702479338842975,0.34594594594594597,0.02880658436213992
UPOS-VERB,0.7407407407407407,1.0,0.6008064516129032,0.5887445887445888,0.3333333333333333,0.034934497816593885
UPOS-ADJ,0.673469387755102,0.6008064516129032,1.0,0.5342465753424658,0.25296442687747034,0.012738853503184714
UPOS-ADV,0.5702479338842975,0.5887445887445888,0.5342465753424658,1.0,0.23706896551724138,0.02127659574468085
UPOS-PRON,0.34594594594594597,0.3333333333333333,0.25296442687747034,0.23706896551724138,1.0,0.053691275167785234
UPOS-ADP,0.02880658436213992,0.034934497816593885,0.012738853503184714,0.02127659574468085,0.053691275167785234,1.0
